"RunId","OriginalSamplesFile","SampleIndex","Case","ProcessId","ElapsedMs","GuestBytes","LoggedRetired","PrivateBytes","WorkingSetBytes"
"small-1","control-20261003-150238-820-samples.csv","1","control","6280","1083","1024","14096755","4804608","28094464"
"small-1","control-20261003-150238-820-samples.csv","2","control","6280","1365","1024","14096755","4804608","28094464"
"small-1","control-20261003-150238-820-samples.csv","3","control","6280","1630","1024","14096755","4804608","28094464"
"small-1","control-20261003-150238-820-samples.csv","4","control","6280","1895","1024","14096755","4804608","28094464"
"small-1","control-20261003-150238-820-samples.csv","5","control","6280","2166","1024","31300940","4804608","28094464"
"small-1","control-20261003-150238-820-samples.csv","6","control","6280","2424","1024","31300940","4804608","28094464"
"small-1","control-20261003-150238-820-samples.csv","7","control","6280","2688","1024","31300940","4804608","28094464"
"small-1","control-20261003-150238-820-samples.csv","8","control","6280","2952","1024","31300940","4804608","28094464"
"small-1","control-20261003-150238-820-samples.csv","9","control","6280","3227","1024","47969268","4804608","28094464"
"small-1","control-20261003-150238-820-samples.csv","10","control","6280","3485","1024","47969268","4804608","28094464"
"small-1","control-20261003-150238-820-samples.csv","11","control","6280","3751","1024","47969268","4804608","28094464"
"small-1","control-20261003-150238-820-samples.csv","12","control","6280","4015","1024","47969268","4804608","28094464"
"small-1","control-20261003-150238-820-samples.csv","13","control","6280","4284","1024","65295400","4804608","28094464"
"small-1","control-20261003-150238-820-samples.csv","14","control","6280","4543","1024","65295400","4804608","28094464"
"small-1","control-20261003-150238-820-samples.csv","15","control","6280","4810","1024","65295400","4804608","28094464"
"small-1","control-20261003-150238-820-samples.csv","16","control","6280","5083","1024","82194068","4804608","28094464"
"small-1","control-20261003-150238-820-samples.csv","17","control","6280","5343","1024","82194068","4804608","28094464"
"small-1","control-20261003-150238-820-samples.csv","18","control","6280","5620","1024","82194068","4804608","28094464"
"small-1","control-20261003-150238-820-samples.csv","19","control","6280","5884","1024","82194068","4804608","28094464"
"small-1","control-20261003-150238-820-samples.csv","20","control","6280","6155","1024","98493882","4804608","28094464"
"small-1","control-20261003-150238-820-samples.csv","21","control","6280","6416","1024","98493882","4804608","28094464"
"small-1","control-20261003-150238-820-samples.csv","22","control","6280","6678","1024","98493882","4804608","28094464"
"small-1","control-20261003-150238-820-samples.csv","23","control","6280","6944","1024","98493882","4804608","28094464"
"small-1","control-20261003-150238-820-samples.csv","24","control","6280","7215","1024","115043015","4804608","28094464"
"small-1","control-20261003-150238-820-samples.csv","25","control","6280","7475","1024","115043015","4804608","28094464"
"small-1","control-20261003-150238-820-samples.csv","26","control","6280","7740","1024","115043015","4804608","28094464"
"small-1","control-20261003-150238-820-samples.csv","27","control","6280","8002","1024","115043015","4804608","28094464"
"small-2","control-20261003-151014-121-samples.csv","1","control","49020","1323","1024","17137744","4788224","28082176"
"small-2","control-20261003-151014-121-samples.csv","2","control","49020","1590","1024","17137744","4788224","28082176"
"small-2","control-20261003-151014-121-samples.csv","3","control","49020","1855","1024","17137744","4788224","28082176"
"small-2","control-20261003-151014-121-samples.csv","4","control","49020","2126","1024","33682078","4788224","28082176"
"small-2","control-20261003-151014-121-samples.csv","5","control","49020","2388","1024","33682078","4788224","28082176"
"small-2","control-20261003-151014-121-samples.csv","6","control","49020","2649","1024","33682078","4788224","28082176"
"small-2","control-20261003-151014-121-samples.csv","7","control","49020","2913","1024","33682078","4788224","28082176"
"small-2","control-20261003-151014-121-samples.csv","8","control","49020","3183","1024","49781778","4788224","28082176"
"small-2","control-20261003-151014-121-samples.csv","9","control","49020","3456","1024","49781778","4788224","28082176"
"small-2","control-20261003-151014-121-samples.csv","10","control","49020","3721","1024","49781778","4788224","28082176"
"small-2","control-20261003-151014-121-samples.csv","11","control","49020","3984","1024","49781778","4788224","28082176"
"small-2","control-20261003-151014-121-samples.csv","12","control","49020","4257","1024","63553852","4788224","28082176"
"small-2","control-20261003-151014-121-samples.csv","13","control","49020","4529","1024","63553852","4788224","28082176"
"small-2","control-20261003-151014-121-samples.csv","14","control","49020","4792","1024","63553852","4788224","28082176"
"small-2","control-20261003-151014-121-samples.csv","15","control","49020","5054","1024","63553852","4788224","28082176"
"small-2","control-20261003-151014-121-samples.csv","16","control","49020","5324","1024","76908967","4788224","28082176"
"small-2","control-20261003-151014-121-samples.csv","17","control","49020","5593","1024","76908967","4788224","28082176"
"small-2","control-20261003-151014-121-samples.csv","18","control","49020","5859","1024","76908967","4788224","28082176"
"small-2","control-20261003-151014-121-samples.csv","19","control","49020","6131","1024","91356983","4788224","28082176"
"small-2","control-20261003-151014-121-samples.csv","20","control","49020","6392","1024","91356983","4788224","28082176"
"small-2","control-20261003-151014-121-samples.csv","21","control","49020","6658","1024","91356983","4788224","28082176"
"small-2","control-20261003-151014-121-samples.csv","22","control","49020","6920","1024","91356983","4788224","28082176"
"small-2","control-20261003-151014-121-samples.csv","23","control","49020","7196","1024","105184692","4788224","28082176"
"small-2","control-20261003-151014-121-samples.csv","24","control","49020","7466","1024","105184692","4788224","28082176"
"small-2","control-20261003-151014-121-samples.csv","25","control","49020","7731","1024","105184692","4788224","28082176"
"small-2","control-20261003-151014-121-samples.csv","26","control","49020","7994","1024","105184692","4788224","28082176"
"small-3","control-20261003-151031-467-samples.csv","1","control","36052","1338","1024","16772331","4784128","28098560"
"small-3","control-20261003-151031-467-samples.csv","2","control","36052","1609","1024","16772331","4784128","28098560"
"small-3","control-20261003-151031-467-samples.csv","3","control","36052","1872","1024","16772331","4784128","28098560"
"small-3","control-20261003-151031-467-samples.csv","4","control","36052","2142","1024","33754931","4784128","28098560"
"small-3","control-20261003-151031-467-samples.csv","5","control","36052","2402","1024","33754931","4784128","28098560"
"small-3","control-20261003-151031-467-samples.csv","6","control","36052","2665","1024","33754931","4784128","28098560"
"small-3","control-20261003-151031-467-samples.csv","7","control","36052","2932","1024","33754931","4784128","28098560"
"small-3","control-20261003-151031-467-samples.csv","8","control","36052","3203","1024","50840075","4784128","28098560"
"small-3","control-20261003-151031-467-samples.csv","9","control","36052","3476","1024","50840075","4784128","28098560"
"small-3","control-20261003-151031-467-samples.csv","10","control","36052","3741","1024","50840075","4784128","28098560"
"small-3","control-20261003-151031-467-samples.csv","11","control","36052","4007","1024","50840075","4784128","28098560"
"small-3","control-20261003-151031-467-samples.csv","12","control","36052","4281","1024","64343099","4784128","28098560"
"small-3","control-20261003-151031-467-samples.csv","13","control","36052","4542","1024","64343099","4784128","28098560"
"small-3","control-20261003-151031-467-samples.csv","14","control","36052","4807","1024","64343099","4784128","28098560"
"small-3","control-20261003-151031-467-samples.csv","15","control","36052","5072","1024","64343099","4784128","28098560"
"small-3","control-20261003-151031-467-samples.csv","16","control","36052","5341","1024","77518453","4784128","28098560"
"small-3","control-20261003-151031-467-samples.csv","17","control","36052","5602","1024","77518453","4784128","28098560"
"small-3","control-20261003-151031-467-samples.csv","18","control","36052","5869","1024","77518453","4784128","28098560"
"small-3","control-20261003-151031-467-samples.csv","19","control","36052","6139","1024","90762834","4784128","28098560"
"small-3","control-20261003-151031-467-samples.csv","20","control","36052","6412","1024","90762834","4784128","28098560"
"small-3","control-20261003-151031-467-samples.csv","21","control","36052","6677","1024","90762834","4784128","28098560"
"small-3","control-20261003-151031-467-samples.csv","22","control","36052","6942","1024","90762834","4784128","28098560"
"small-3","control-20261003-151031-467-samples.csv","23","control","36052","7215","1024","104963845","4784128","28098560"
"small-3","control-20261003-151031-467-samples.csv","24","control","36052","7486","1024","104963845","4784128","28098560"
"small-3","control-20261003-151031-467-samples.csv","25","control","36052","7752","1024","104963845","4784128","28098560"
"small-3","control-20261003-151031-467-samples.csv","26","control","36052","8017","1024","104963845","4784128","28098560"
"large-1","large-20261003-150455-196-samples.csv","1","large","40252","1092","1048576","10840814","92549120","112291840"
"large-1","large-20261003-150455-196-samples.csv","2","large","40252","1359","1048576","10840814","92549120","112291840"
"large-1","large-20261003-150455-196-samples.csv","3","large","40252","1624","1048576","10840814","92549120","112291840"
"large-1","large-20261003-150455-196-samples.csv","4","large","40252","1889","1048576","10840814","92549120","112291840"
"large-1","large-20261003-150455-196-samples.csv","5","large","40252","2163","1048576","28007325","92549120","112291840"
"large-1","large-20261003-150455-196-samples.csv","6","large","40252","2435","1048576","28007325","92549120","112291840"
"large-1","large-20261003-150455-196-samples.csv","7","large","40252","2699","1048576","28007325","92549120","112291840"
"large-1","large-20261003-150455-196-samples.csv","8","large","40252","2964","1048576","28007325","92549120","112291840"
"large-1","large-20261003-150455-196-samples.csv","9","large","40252","3239","1048576","45249482","92549120","112291840"
"large-1","large-20261003-150455-196-samples.csv","10","large","40252","3513","1048576","45249482","92549120","112291840"
"large-1","large-20261003-150455-196-samples.csv","11","large","40252","3775","1048576","45249482","92549120","112291840"
"large-1","large-20261003-150455-196-samples.csv","12","large","40252","4040","1048576","45249482","92549120","112291840"
"large-1","large-20261003-150455-196-samples.csv","13","large","40252","4314","1048576","61589265","92549120","112291840"
"large-1","large-20261003-150455-196-samples.csv","14","large","40252","4575","1048576","61589265","92549120","112291840"
"large-1","large-20261003-150455-196-samples.csv","15","large","40252","4839","1048576","61589265","92549120","112291840"
"large-1","large-20261003-150455-196-samples.csv","16","large","40252","5110","1048576","79007202","92549120","112291840"
"large-1","large-20261003-150455-196-samples.csv","17","large","40252","5369","1048576","79007202","92549120","112291840"
"large-1","large-20261003-150455-196-samples.csv","18","large","40252","5635","1048576","79007202","92549120","112291840"
"large-1","large-20261003-150455-196-samples.csv","19","large","40252","5897","1048576","79007202","92549120","112291840"
"large-1","large-20261003-150455-196-samples.csv","20","large","40252","6169","1048576","96423642","92549120","112291840"
"large-1","large-20261003-150455-196-samples.csv","21","large","40252","6429","1048576","96423642","92549120","112291840"
"large-1","large-20261003-150455-196-samples.csv","22","large","40252","6697","1048576","96423642","92549120","112291840"
"large-1","large-20261003-150455-196-samples.csv","23","large","40252","6962","1048576","96423642","92549120","112291840"
"large-1","large-20261003-150455-196-samples.csv","24","large","40252","7235","1048576","113724770","92549120","112291840"
"large-1","large-20261003-150455-196-samples.csv","25","large","40252","7494","1048576","113724770","92549120","112291840"
"large-1","large-20261003-150455-196-samples.csv","26","large","40252","7759","1048576","113724770","92549120","112291840"
"large-1","large-20261003-150455-196-samples.csv","27","large","40252","8022","1048576","113724770","92549120","112291840"
"large-2","large-20261003-151022-918-samples.csv","1","large","45920","1092","1048576","8959147","92446720","112308224"
"large-2","large-20261003-151022-918-samples.csv","2","large","45920","1359","1048576","8959147","92446720","112308224"
"large-2","large-20261003-151022-918-samples.csv","3","large","45920","1623","1048576","8959147","92446720","112308224"
"large-2","large-20261003-151022-918-samples.csv","4","large","45920","1887","1048576","8959147","92446720","112308224"
"large-2","large-20261003-151022-918-samples.csv","5","large","45920","2158","1048576","25346048","92446720","112308224"
"large-2","large-20261003-151022-918-samples.csv","6","large","45920","2421","1048576","25346048","92446720","112308224"
"large-2","large-20261003-151022-918-samples.csv","7","large","45920","2683","1048576","25346048","92446720","112308224"
"large-2","large-20261003-151022-918-samples.csv","8","large","45920","2960","1048576","25346048","92446720","112308224"
"large-2","large-20261003-151022-918-samples.csv","9","large","45920","3233","1048576","40276404","92446720","112308224"
"large-2","large-20261003-151022-918-samples.csv","10","large","45920","3510","1048576","40276404","92446720","112308224"
"large-2","large-20261003-151022-918-samples.csv","11","large","45920","3775","1048576","40276404","92446720","112308224"
"large-2","large-20261003-151022-918-samples.csv","12","large","45920","4038","1048576","40276404","92446720","112308224"
"large-2","large-20261003-151022-918-samples.csv","13","large","45920","4314","1048576","51349138","92446720","112308224"
"large-2","large-20261003-151022-918-samples.csv","14","large","45920","4586","1048576","51349138","92446720","112308224"
"large-2","large-20261003-151022-918-samples.csv","15","large","45920","4855","1048576","51349138","92446720","112308224"
"large-2","large-20261003-151022-918-samples.csv","16","large","45920","5129","1048576","63427340","92446720","112308224"
"large-2","large-20261003-151022-918-samples.csv","17","large","45920","5398","1048576","63427340","92446720","112308224"
"large-2","large-20261003-151022-918-samples.csv","18","large","45920","5662","1048576","63427340","92446720","112308224"
"large-2","large-20261003-151022-918-samples.csv","19","large","45920","5931","1048576","63427340","92446720","112308224"
"large-2","large-20261003-151022-918-samples.csv","20","large","45920","6203","1048576","75914859","92446720","112308224"
"large-2","large-20261003-151022-918-samples.csv","21","large","45920","6462","1048576","75914859","92446720","112308224"
"large-2","large-20261003-151022-918-samples.csv","22","large","45920","6728","1048576","75914859","92446720","112308224"
"large-2","large-20261003-151022-918-samples.csv","23","large","45920","6992","1048576","75914859","92446720","112308224"
"large-2","large-20261003-151022-918-samples.csv","24","large","45920","7264","1048576","89011320","92446720","112308224"
"large-2","large-20261003-151022-918-samples.csv","25","large","45920","7536","1048576","89011320","92446720","112308224"
"large-2","large-20261003-151022-918-samples.csv","26","large","45920","7803","1048576","89011320","92446720","112308224"
"large-3","large-20261003-151040-211-samples.csv","1","large","46912","1324","1048576","10631346","92524544","112336896"
"large-3","large-20261003-151040-211-samples.csv","2","large","46912","1594","1048576","10631346","92524544","112336896"
"large-3","large-20261003-151040-211-samples.csv","3","large","46912","1860","1048576","10631346","92524544","112336896"
"large-3","large-20261003-151040-211-samples.csv","4","large","46912","2132","1048576","27941248","92524544","112336896"
"large-3","large-20261003-151040-211-samples.csv","5","large","46912","2402","1048576","27941248","92524544","112336896"
"large-3","large-20261003-151040-211-samples.csv","6","large","46912","2668","1048576","27941248","92524544","112336896"
"large-3","large-20261003-151040-211-samples.csv","7","large","46912","2937","1048576","27941248","92524544","112336896"
"large-3","large-20261003-151040-211-samples.csv","8","large","46912","3206","1048576","45283436","92524544","112336896"
"large-3","large-20261003-151040-211-samples.csv","9","large","46912","3466","1048576","45283436","92524544","112336896"
"large-3","large-20261003-151040-211-samples.csv","10","large","46912","3731","1048576","45283436","92524544","112336896"
"large-3","large-20261003-151040-211-samples.csv","11","large","46912","3994","1048576","45283436","92524544","112336896"
"large-3","large-20261003-151040-211-samples.csv","12","large","46912","4266","1048576","58417077","92524544","112336896"
"large-3","large-20261003-151040-211-samples.csv","13","large","46912","4540","1048576","58417077","92524544","112336896"
"large-3","large-20261003-151040-211-samples.csv","14","large","46912","4805","1048576","58417077","92524544","112336896"
"large-3","large-20261003-151040-211-samples.csv","15","large","46912","5074","1048576","71459295","92524544","112336896"
"large-3","large-20261003-151040-211-samples.csv","16","large","46912","5345","1048576","71459295","92524544","112336896"
"large-3","large-20261003-151040-211-samples.csv","17","large","46912","5611","1048576","71459295","92524544","112336896"
"large-3","large-20261003-151040-211-samples.csv","18","large","46912","5877","1048576","71459295","92524544","112336896"
"large-3","large-20261003-151040-211-samples.csv","19","large","46912","6149","1048576","84542590","92524544","112336896"
"large-3","large-20261003-151040-211-samples.csv","20","large","46912","6421","1048576","84542590","92524544","112336896"
"large-3","large-20261003-151040-211-samples.csv","21","large","46912","6685","1048576","84542590","92524544","112336896"
"large-3","large-20261003-151040-211-samples.csv","22","large","46912","6947","1048576","84542590","92524544","112336896"
"large-3","large-20261003-151040-211-samples.csv","23","large","46912","7223","1048576","97905967","92524544","112336896"
"large-3","large-20261003-151040-211-samples.csv","24","large","46912","7496","1048576","97905967","92524544","112336896"
"large-3","large-20261003-151040-211-samples.csv","25","large","46912","7759","1048576","97905967","92524544","112336896"
"large-3","large-20261003-151040-211-samples.csv","26","large","46912","8024","1048576","97905967","92524544","112336896"
