state,variant,depth,iret,text_bytes,static_bytes,replay
12345671111111,gcc,0,574,1652,40768,PASS
12345671111111,assembly,0,779,1348,40799,PASS
13642571111111,gcc,1,1613,1652,40768,PASS
13642571111111,assembly,1,1654,1348,40799,PASS
12345671111123,gcc,10,4598929,1652,40768,PASS
12345671111123,assembly,10,4428031,1348,40799,PASS
21345671111111,gcc,11,16870302,1652,40768,PASS
21345671111111,assembly,11,16243918,1348,40799,PASS
54721631111111,gcc,11,46130347,1652,40768,PASS
54721631111111,assembly,11,44410589,1348,40799,PASS
