"Case","ProcessId","ElapsedMs","GuestBytes","LoggedRetired","PrivateBytes","WorkingSetBytes"
"control","36052","1338","1024","16772331","4784128","28098560"
"control","36052","1609","1024","16772331","4784128","28098560"
"control","36052","1872","1024","16772331","4784128","28098560"
"control","36052","2142","1024","33754931","4784128","28098560"
"control","36052","2402","1024","33754931","4784128","28098560"
"control","36052","2665","1024","33754931","4784128","28098560"
"control","36052","2932","1024","33754931","4784128","28098560"
"control","36052","3203","1024","50840075","4784128","28098560"
"control","36052","3476","1024","50840075","4784128","28098560"
"control","36052","3741","1024","50840075","4784128","28098560"
"control","36052","4007","1024","50840075","4784128","28098560"
"control","36052","4281","1024","64343099","4784128","28098560"
"control","36052","4542","1024","64343099","4784128","28098560"
"control","36052","4807","1024","64343099","4784128","28098560"
"control","36052","5072","1024","64343099","4784128","28098560"
"control","36052","5341","1024","77518453","4784128","28098560"
"control","36052","5602","1024","77518453","4784128","28098560"
"control","36052","5869","1024","77518453","4784128","28098560"
"control","36052","6139","1024","90762834","4784128","28098560"
"control","36052","6412","1024","90762834","4784128","28098560"
"control","36052","6677","1024","90762834","4784128","28098560"
"control","36052","6942","1024","90762834","4784128","28098560"
"control","36052","7215","1024","104963845","4784128","28098560"
"control","36052","7486","1024","104963845","4784128","28098560"
"control","36052","7752","1024","104963845","4784128","28098560"
"control","36052","8017","1024","104963845","4784128","28098560"
